{"n_classes": 3, "learning_rate": 0.1, "classes": ["Pizza", "Shawarma", "Sushi"], "tree_list": [[{"children_left": [1, 2, -1, 4, 5, 6, 7, 8, -1, -1, -1, -1, -1, -1, 15, 16, 17, 18, 19, 20, -1, 22, 23, 24, -1, 26, -1, -1, -1, -1, -1, -1, -1, -1, 35, 36, 37, -1, -1, -1, -1], "children_right": [14, 3, -1, 13, 12, 11, 10, 9, -1, -1, -1, -1, -1, -1, 34, 33, 32, 31, 30, 21, -1, 29, 28, 25, -1, 27, -1, -1, -1, -1, -1, -1, -1, -1, 40, 39, 38, -1, -1, -1, -1], "feature": [6, 8, -2, 0, 8, 49, 67, 11, -2, -2, -2, -2, -2, -2, 8, 29, 35, 44, 43, 60, -2, 36, 28, 1, -2, 67, -2, -2, -2, -2, -2, -2, -2, -2, 11, 49, 0, -2, -2, -2, -2], "threshold": [0.5, 5.25, -2.0, 3.5, 14.833333492279053, 0.5, 0.5, 0.5, -2.0, -2.0, -2.0, -2.0, -2.0, -2.0, 6.25, 0.5, 0.5, 0.5, 0.5, 0.5, -2.0, 0.5, 0.5, 3.25, -2.0, 0.5, -2.0, -2.0, -2.0, -2.0, -2.0, -2.0, -2.0, -2.0, 0.5, 0.5, 3.5, -2.0, -2.0, -2.0, -2.0], "value": [-9.856849636019868e-17, -0.29931999398224934, -0.6713044596559232, -0.31150730469775323, -0.29201581027667917, -0.31089969866551703, -0.31925873129009125, -0.3283529038400499, -1.00349040139616, -0.8967163486939415, -0.8735045981065023, -0.6887879302738306, -0.7168093831819832, -1.0034904013961603, 0.30245971419884293, 0.5192497868712692, 0.5500621118012412, 0.591288465356362, 0.6041626409017704, 0.612945956928077, 1.3520099127618863, 0.6422483785731437, 0.6528535732133927, 0.6583954451345749, 1.828831838704811, 0.6643478260869563, 1.9861830742659752, 1.986183074265976, 1.4879041616556195, 1.1319906526482224, -1.0034904013961605, -1.0034904013961603, 0.6063337778065284, -0.7045230538299471, 0.12807022356329736, 0.00917541229385303, -0.08949832775919742, 0.0862036691722816, -0.6977283413852603, 1.5821731451224434, 1.353075750008112]}, {"children_left": [1, 2, 3, -1, 5, 6, 7, 8, 9, -1, -1, -1, -1, -1, -1, 16, -1, 18, 19, 20, 21, -1, -1, -1, -1, -1, 27, 28, 29, -1, 31, 32, -1, 34, -1, -1, -1, 38, 39, 40, -1, -1, -1, 44, 45, 46, 47, 48, -1, -1, -1, -1, -1, -1, -1], "children_right": [26, 15, 4, -1, 14, 13, 12, 11, 10, -1, -1, -1, -1, -1, -1, 17, -1, 25, 24, 23, 22, -1, -1, -1, -1, -1, 54, 37, 30, -1, 36, 33, -1, 35, -1, -1, -1, 43, 42, 41, -1, -1, -1, 53, 52, 51, 50, 49, -1, -1, -1, -1, -1, -1, -1], "feature": [6, 66, 1, -2, 8, 57, 0, 67, 1, -2, -2, -2, -2, -2, -2, 5, -2, 49, 1, 50, 7, -2, -2, -2, -2, -2, 21, 8, 5, -2, 65, 1, -2, 1, -2, -2, -2, 8, 68, 69, -2, -2, -2, 56, 46, 50, 27, 68, -2, -2, -2, -2, -2, -2, -2], "threshold": [0.5, 0.5, 5.75, -2.0, 19.0, 0.5, 4.5, 0.5, 6.25, -2.0, -2.0, -2.0, -2.0, -2.0, -2.0, 0.5, -2.0, 0.5, 7.25, 0.5, 0.5, -2.0, -2.0, -2.0, -2.0, -2.0, 0.5, 6.25, 0.5, -2.0, 0.5, 3.25, -2.0, 3.75, -2.0, -2.0, -2.0, 13.75, 0.5, 0.5, -2.0, -2.0, -2.0, 0.5, 0.5, 0.5, 0.5, 0.5, -2.0, -2.0, -2.0, -2.0, -2.0, -2.0, -2.0], "value": [1.949648172374351e-16, 0.2404182337896828, 0.4713287738153394, 0.7767170048477989, 0.5809516700877009, 0.6043634939287093, 0.6168760064412219, 0.6287874153375549, 0.6539130434782598, 1.9262981574539368, 1.926298157453935, 1.6961573993638406, 1.4064507980033671, 0.453397305677323, 0.3194972282430853, -0.1298707403055222, 0.8461708661510868, -0.28435856146001004, -0.29018633540372596, -0.3108756889161046, -0.31751552795030985, -0.9723707188424386, -0.6267299856255272, 0.453397305677323, -0.3993347664038744, 1.9262981574539368, -0.24294010337488756, -0.24766867884160107, -0.3107928388746807, -0.7370294101421317, -0.3350979455327273, -0.3460869565217384, -1.0195035460992903, -0.3460869565217385, -1.0195035460992907, -1.0195035460992905, -0.8012960125027553, -0.19640542785931792, -0.11006211180124227, -0.1744451654769628, -0.626729985625527, 0.45339730567732295, 0.6170529558747245, -0.2872634271099737, -0.31184038117927276, -0.31830917874396075, -0.32496019595835823, -0.3314884163757531, -1.0195035460992903, -0.7517033912308152, -0.4303432053886452, 0.453397305677323, 0.453397305677323, 0.663811713073982, 1.9262981574539368]}, {"children_left": [1, 2, 3, 4, 5, 6, -1, -1, 9, -1, 11, 12, 13, 14, 15, 16, 17, 18, 19, 20, 21, 22, 23, 24, -1, -1, -1, -1, -1, -1, -1, -1, -1, -1, -1, -1, -1, -1, -1, -1, -1, 42, 43, -1, -1, -1, -1], "children_right": [46, 41, 40, 39, 8, 7, -1, -1, 10, -1, 38, 37, 36, 35, 34, 33, 32, 31, 30, 29, 28, 27, 26, 25, -1, -1, -1, -1, -1, -1, -1, -1, -1, -1, -1, -1, -1, -1, -1, -1, -1, 45, 44, -1, -1, -1, -1], "feature": [57, 35, 43, 44, 2, 6, -2, -2, 1, -2, 16, 42, 31, 22, 53, 24, 39, 38, 8, 36, 0, 27, 58, 60, -2, -2, -2, -2, -2, -2, -2, -2, -2, -2, -2, -2, -2, -2, -2, -2, -2, 1, 68, -2, -2, -2, -2], "threshold": [0.5, 0.5, 0.5, 0.5, 0.5, 0.5, -2.0, -2.0, 3.25, -2.0, 0.5, 0.5, 0.5, 0.5, 0.5, 0.5, 0.5, 0.5, 24.25, 0.5, 4.5, 0.5, 0.5, 0.5, -2.0, -2.0, -2.0, -2.0, -2.0, -2.0, -2.0, -2.0, -2.0, -2.0, -2.0, -2.0, -2.0, -2.0, -2.0, -2.0, -2.0, 5.25, 0.5, -2.0, -2.0, -2.0, -2.0], "value": [1.691400642733282e-16, -0.062245470142695866, -0.1556488337137461, -0.18909975105656437, -0.20684782608695904, 0.0031677018633539888, 0.9179738631878748, -0.44927028335277935, -0.25618033265246776, -0.27270224581815167, -0.27527021535961216, -0.2770623676925603, -0.2788612447997413, -0.2806668846028134, -0.2824793253090988, -0.28600280504909054, -0.28952523738131164, -0.2930670711156072, -0.29491456606327426, -0.29849802371541717, -0.30498653328203346, -0.30889318806639027, -0.31327333839314925, -0.31571634030313256, -0.9346149758294761, -0.9778911564625851, -0.5938150533437417, -0.7415366314663737, -0.7320824504665253, -0.7502905027625293, -0.20973895022489866, 0.5584132560127877, 0.04631178518766346, 0.25115237351771313, 0.5584132560127877, 2.0947176684881605, 2.0947176684881605, 2.0947176684881605, 2.0947176684881605, 2.0947176684881605, 2.094717668488159, 0.22049882035726356, 0.43909207161125435, 1.5047767740976175, -0.41923500647154033, -0.07121969991974218, 1.7902249020516008]}], [{"children_left": [1, 2, -1, 4, 5, 6, 7, 8, -1, -1, -1, -1, -1, 14, 15, -1, -1, -1, 19, 20, 21, 22, 23, 24, 25, -1, 27, -1, -1, -1, -1, -1, -1, -1, 35, 36, 37, -1, -1, -1, -1], "children_right": [18, 3, -1, 13, 12, 11, 10, 9, -1, -1, -1, -1, -1, 17, 16, -1, -1, -1, 34, 33, 32, 31, 30, 29, 26, -1, 28, -1, -1, -1, -1, -1, -1, -1, 40, 39, 38, -1, -1, -1, -1], "feature": [6, 8, -2, 0, 8, 49, 67, 11, -2, -2, -2, -2, -2, 66, 2, -2, -2, -2, 8, 29, 35, 44, 43, 69, 1, -2, 5, -2, -2, -2, -2, -2, -2, -2, 11, 49, 0, -2, -2, -2, -2], "threshold": [0.5, 5.25, -2.0, 3.5, 14.833333492279053, 0.5, 0.5, 0.5, -2.0, -2.0, -2.0, -2.0, -2.0, 0.5, 0.5, -2.0, -2.0, -2.0, 6.25, 0.5, 0.5, 0.5, 0.5, 0.5, 3.25, -2.0, 0.5, -2.0, -2.0, -2.0, -2.0, -2.0, -2.0, -2.0, 0.5, 0.5, 3.5, -2.0, -2.0, -2.0, -2.0], "value": [-0.0002487070442125823, -0.2688376320571027, -0.6184656841255339, -0.2803767068875276, -0.26236067757184334, -0.27936020471542394, -0.28688919303463356, -0.2959364553834835, -0.9565042246595872, -0.8475116665142942, -0.8200810231978077, -0.6424235935849524, -0.6699943465239299, -0.30269386031911905, -0.2993916018211158, -0.9419452879969815, -0.9537263790238771, -0.9638753994651057, 0.27115758431496684, 0.4675122096812348, 0.4951622267630557, 0.5316574927743469, 0.5432225213889853, 0.5511003022955425, 0.5674854772412918, 1.223046575129289, 0.584436814549728, 1.5284819252929571, 1.6677331261100268, 0.8314266777429123, -0.951980969980434, -0.9537769650397946, 0.549909890537577, -0.6543468672672044, 0.11320670271118732, 0.005972002639387299, -0.08349191070932804, 0.07749476886665493, -0.6652705017584017, 1.3414952034123424, 1.146081111481391]}, {"children_left": [1, 2, 3, 4, -1, 6, 7, -1, 9, 10, -1, -1, -1, -1, -1, 16, -1, 18, 19, 20, 21, -1, -1, -1, -1, -1, 27, 28, 29, -1, -1, 32, 33, 34, 35, -1, 37, 38, 39, -1, 41, 42, -1, -1, -1, -1, -1, -1, -1, -1, -1], "children_right": [26, 15, 14, 5, -1, 13, 8, -1, 12, 11, -1, -1, -1, -1, -1, 17, -1, 25, 24, 23, 22, -1, -1, -1, -1, -1, 50, 31, 30, -1, -1, 49, 48, 47, 36, -1, 46, 45, 40, -1, 44, 43, -1, -1, -1, -1, -1, -1, -1, -1, -1],