{"Pizza": 0.33652173913043476, "Shawarma": 0.34695652173913044, "Sushi": 0.3191304347826087}