{"n_classes": 3, "learning_rate": 0.1, "classes": ["Pizza", "Shawarma", "Sushi"], "tree_list": [[{"children_left": [1, 2, 3, 4, 5, -1, -1, -1, 9, -1, -1, 12, 13, 14, -1, -1, 17, -1, -1, -1, 21, 22, 23, 24, -1, -1, 27, -1, -1, 30, 31, -1, -1, -1, 35, 36, 37, -1, -1, 40, -1, -1, 43, 44, -1, -1, 47, -1, -1], "children_right": [20, 11, 8, 7, 6, -1, -1, -1, 10, -1, -1, 19, 16, 15, -1, -1, 18, -1, -1, -1, 34, 29, 26, 25, -1, -1, 28, -1, -1, 33, 32, -1, -1, -1, 42, 39, 38, -1, -1, 41, -1, -1, 46, 45, -1, -1, 48, -1, -1], "feature": [6, 8, 11, 50, 49, -2, -2, -2, 62, -2, -2, 0, 8, 49, -2, -2, 11, -2, -2, -2, 8, 29, 35, 44, -2, -2, 8, -2, -2, 5, 7, -2, -2, -2, 11, 49, 0, -2, -2, 1, -2, -2, 68, 8, -2, -2, 8, -2, -2], "threshold": [0.5, 5.25, 0.5, 0.5, 0.5, -2.0, -2.0, -2.0, 0.5, -2.0, -2.0, 3.5, 14.833333492279053, 0.5, -2.0, -2.0, 0.5, -2.0, -2.0, -2.0, 6.25, 0.5, 0.5, 0.5, -2.0, -2.0, 2.25, -2.0, -2.0, 0.5, 0.5, -2.0, -2.0, -2.0, 0.5, 0.5, 3.5, -2.0, -2.0, 11.5, -2.0, -2.0, 0.5, 12.333333492279053, -2.0, -2.0, 15.5, -2.0, -2.0], "value": [-9.856849636019868e-17, -0.29931999398224934, -0.22454106280193242, -0.2556521739130435, -0.268084606345476, -0.910063105281719, -0.10658835869751963, 1.9861830742659758, 0.16434782608695653, 1.9861830742659758, -1.0034904013961603, -0.31150730469775323, -0.29201581027667917, -0.3108996986655169, -0.9544793608115353, -0.6887879302738306, -0.23976176295413942, -0.858828781606057, 0.08366358975370723, -1.0034904013961603, 0.30245971419884293, 0.5192497868712691, 0.5500621118012411, 0.5912884653563618, 1.806249022490014, -1.0034904013961603, 0.20280936454849494, -0.7045230538299471, 1.4256192975793254, -0.2356521739130435, -0.002318840579710139, -1.0034904013961605, 1.9861830742659758, -1.0034904013961605, 0.1280702235632976, 0.009175412293853031, -0.08949832775919739, 0.0862036691722816, -0.6977283413852603, 0.5292126909518213, 1.7223883558251993, -0.006932576175448414, 0.452583120204604, 0.5532367149758457, 1.2645377525544261, 1.986183074265976, 0.16434782608695647, -0.006932576175448526, 1.559086863457099]}, {"children_left": [1, 2, 3, 4, 5, -1, -1, 8, -1, -1, 11, 12, -1, -1, 15, -1, -1, 18, 19, 20, -1, -1, 23, -1, -1, 26, 27, -1, -1, -1, 31, 32, 33, 34, -1, -1, 37, -1, -1, 40, 41, -1, -1, 44, -1, -1, -1], "children_right": [30, 17, 10, 7, 6, -1, -1, 9, -1, -1, 14, 13, -1, -1, 16, -1, -1, 25, 22, 21, -1, -1, 24, -1, -1, 29, 28, -1, -1, -1, 46, 39, 36, 35, -1, -1, 38, -1, -1, 43, 42, -1, -1, 45, -1, -1, -1], "feature": [6, 66, 1, 2, 1, -2, -2, 8, -2, -2, 8, 29, -2, -2, 3, -2, -2, 5, 1, 2, -2, -2, 3, -2, -2, 49, 1, -2, -2, -2, 21, 8, 5, 1, -2, -2, 65, -2, -2, 8, 68, -2, -2, 36, -2, -2, -2], "threshold": [0.5, 0.5, 5.75, 0.5, 3.25, -2.0, -2.0, 16.5, -2.0, -2.0, 19.0, 0.5, -2.0, -2.0, 0.5, -2.0, -2.0, 0.5, 3.75, 0.5, -2.0, -2.0, 0.5, -2.0, -2.0, 0.5, 7.25, -2.0, -2.0, -2.0, 0.5, 6.25, 0.5, 2.5, -2.0, -2.0, 0.5, -2.0, -2.0, 13.75, 0.5, -2.0, -2.0, 0.5, -2.0, -2.0, -2.0], "value": [1.949648172374351e-16, 0.2404182337896828, 0.4713287738153394, 0.26366914103923683, -0.10470764617691153, 0.453397305677323, -0.5986747313059725, 0.3773172987974103, 1.2754815020177581, -0.6512783331551372, 0.5809516700877009, 0.6043634939287094, 1.8171943906556687, 0.453397305677323, 0.10845849802371549, 1.3371378167432912, -0.5285365955070861, -0.1298707403055222, 0.28724637681159415, -0.07942028985507242, -1.0195035460992905, 0.28974165547992153, 0.40946859903381644, 1.6412205732391079, 0.24298289828066388, -0.28435856146001004, -0.290186335403726, -0.9157781340023458, -0.3993347664038744, 1.9262981574539368, -0.24294010337488756, -0.24766867884160002, -0.31079283887468084, -0.25019654556283516, 1.9262981574539368, -0.7740200708031884, -0.3350979455327273, -1.0195035460992905, -0.8012960125027553, -0.19640542785931792, -0.11006211180124216, -0.5138808656386622, 0.6170529558747245, -0.2872634271099737, -0.9186199261145911, 0.663811713073982, 1.9262981574539368]}, {"children_left": [1, 2, 3, 4, 5, -1, -1, 8, -1, -1, 11, -1, -1, 14, 15, 16, -1, -1, 19, -1, -1, 22, 23, -1, -1, 26, -1, -1, 29, 30, -1, 32, 33, -1, -1, 36, -1, -1, 39, -1, 41, 42, -1, -1, -1], "children_right": [28, 13, 10, 7, 6, -1, -1, 9, -1, -1, 12, -1, -1, 21, 18, 17, -1, -1, 20, -1, -1, 25, 24, -1, -1, 27, -1, -1, 38, 31, -1, 35, 34, -1, -1, 37, -1, -1, 40, -1, 44, 43, -1, -1, -1], "feature": [57, 35, 43, 44, 2, -2, -2, 1, -2, -2, 0, -2, -2, 1, 68, 5, -2, -2, 2, -2, -2, 0, 66, -2, -2, 1, -2, -2, 5, 8, -2, 8, 68, -2, -2, 6, -2, -2, 1, -2, 69, 68, -2, -2, -2], "threshold": [0.5, 0.5, 0.5, 0.5, 0.5, -2.0, -2.0, 2.5, -2.0, -2.0, 1.5, -2.0, -2.0, 5.25, 0.5, 0.5, -2.0, -2.0, 0.5, -2.0, -2.0, 4.5, 0.5, -2.0, -2.0, 11.5, -2.0, -2.0, 0.5, 2.5, -2.0, 13.0, 0.5, -2.0, -2.0, 0.5, -2.0, -2.0, 6.25, -2.0, 0.5, 0.5, -2.0, -2.0, -2.0], "value": [1.691400642733282e-16, -0.062245470142695866, -0.1556488337137461, -0.18909975105656437, -0.20684782608695904, 0.009733108700154586, -0.7871419508867838, 0.6817391304347827, 2.0947176684881605, 2.0947176684881605, 0.6817391304347826, 2.0947176684881605, 2.094717668488159, 0.22049882035726356, 0.4390920716112541, 0.48973913043478334, 0.8295257993907945, 1.7570683470650017, -0.13644268774703555, 1.070514726837912, -0.977891156462585, -0.023178902352102675, -0.11237851662404082, -0.5990763698248217, 0.29353318489634395, 0.4317391304347825, 1.710641565369317, -0.20973895022489866, 0.5826400313356845, 0.14327759197324416, 2.0947176684881605, 0.045375494071146265, -0.09603864734299515, -0.977891156462585, 1.070514726837912, 0.6817391304347826, 2.0947176684881605, 2.0947176684881605, 0.6409228039041714, 2.09471766848816, 0.44644501278772364, 0.5484057971014492, 2.0947176684881597, 0.04631178518766346, -0.977891156462585]}], [{"children_left": [1, 2, 3, 4, 5, -1, -1, -1, 9, 10, -1, -1, 13, -1, -1, 16, 17, 18, -1, -1, 21, -1, -1, 24, 25, -1, -1, 28, -1, -1, 31, 32, 33, 34, -1, -1, 37, -1, -1, 40, 41, -1, -1, 44, -1, -1, 47, 48, 49, -1, -1, 52, -1, -1, 55, 56, -1, -1, 59, -1, -1], "children_right": [30, 15, 8, 7, 6, -1, -1, -1, 12, 11, -1, -1, 14, -1, -1, 23, 20, 19, -1, -1, 22, -1, -1, 27, 26, -1, -1, 29, -1, -1, 46, 39, 36, 35, -1, -1, 38, -1, -1, 43, 42, -1, -1, 45, -1, -1, 54, 51, 50, -1, -1, 53, -1, -1, 58, 57, -1, -1, 60, -1, -1], "feature": [6, 8, 11, 50, 49, -2, -2, -2, 62, 66, -2, -2, 1, -2, -2, 0, 8, 49, -2, -2, 11, -2, -2, 66, 53, -2, -2, 29, -2, -2, 8, 57, 35, 44, -2, -2, 8, -2, -2, 5, 63, -2, -2, 68, -2, -2, 11, 49, 0, -2, -2, 1, -2, -2, 68, 8, -2, -2, 8, -2, -2], "threshold": [0.5, 5.25, 0.5, 0.5, 0.5, -2.0, -2.0, -2.0, 0.5, 0.5, -2.0, -2.0, 6.5, -2.0, -2.0, 3.5, 14.833333492279053, 0.5, -2.0, -2.0, 0.5, -2.0, -2.0, 0.5, 0.5, -2.0, -2.0, 0.5, -2.0, -2.0, 6.25, 0.5, 0.5, 0.5, -2.0, -2.0, 2.25, -2.0, -2.0, 0.5, 0.5, -2.0, -2.0, 0.5, -2.0, -2.0, 0.5, 0.5, 3.5, -2.0, -2.0, 11.5, -2.0, -2.0, 0.5, 12.333333492279053, -2.0, -2.0, 15.5, -2.0, -2.0],